TileSize	MatrixSize	Instructions	Cycles	IPC	L1-dcache-loads	L1-dcache-load-misses	L1-miss-rate-percent	Branch-instructions	Branch-misses	Branch-miss-rate-percent	Cache-references	Cache-misses	Cache-miss-rate-percent	Context-switches	TimeElapsedSeconds
2	256	33677789463	15737793518	2.139931	13435205064	1330615131	9.90	3852731111	15718544	0.41	557717153	9893577	1.77	0	3.658830000
2	300	33992176728	15842259190	2.145665	13559970706	1326179710	9.78	3888221774	15906176	0.41	541671897	9232671	1.70	0	3.691680000
2	400	35110140489	16182412281	2.169648	14006656778	1378041736	9.84	4014709997	16418974	0.41	566470057	7503757	1.32	0	3.732620000
2	512	37226451265	17391670333	2.140476	14853931120	1484828274	10.00	4254216383	17337159	0.41	616616294	8374244	1.36	0	4.077060000
2	800	48601004544	23135634399	2.100699	19412282957	2551287245	13.14	5542351791	21424177	0.39	820258504	13939248	1.70	0	5.266110000
